actress insurance,5,14.66,0,100%
ship cargo insurance,8,30.94,0,83%
architect pl insurance,1,4.99,0,100%
builder public liability insurance,1,4.31,0,100%
channel islands insurance brokers,83,191.8,0,50%
compare public liability insurance,3,18.77,0,100%
computer programmer insurance,1,1.48,0,100%
copywriter insurance,6,23.08,0,67%
cost of public liability insurance,3,17.38,0,100%
dance instructor insurance,18,64.09,0,84%
dance instructor public liability,2,4.82,0,50%
dance teacher insurance,3,7.04,0,100%
electrical public liability insurance,1,3.55,0,100%
freight forwarders insurance liability,2,9.47,0,100%
insurance dance instructors,1,2.35,0,100%
insurance gas fitters,3,11.46,0,100%
it contractor public liability,2,9.26,0,100%
liability insurance barrister,2,7.55,0,100%
liability insurance data processor,3,18.83,0,100%
liability insurance electricians,8,42.54,0,100%
liability insurance publisher,1,2.24,0,100%
marine insurance cover,3,28.53,1,50%
marine transit insurance,25,115.12,6,75%
masonry insurance,8,16.86,0,75%
musicians union public liability insurance,1,8.17,0,100%
online public liability insurance,1,10.11,0,100%
painters public insurance,1,1.22,0,100%
plasterer insurance,1,4.12,0,100%
plasterer public liability insurance,1,4.48,0,100%
plasterers public liability,4,15.95,0,100%
professional indemnity insurance it contractor,2,16.44,0,100%
public and employers liability,3,10.96,1,75%
public liability insurance prices,2,8.53,0,100%
public liability insurance providers,2,9.18,0,100%
public liability insurance removal companies,1,4.51,0,100%
publisher insurance,28,56.95,0,88%
quantity surveyor insurance,2,7.99,0,100%
ship cargo cover,1,5.78,0,100%
tradesman public liability insurance,5,32.16,0,100%
website designer insurance,1,2.48,0,100%
website designer liability insurance,1,3.46,0,100%
10 million public liability,2,11.26,0,100%
architect insurance,1,6.56,0,100%
builders public liability insurance,1,7.1,0,100%
cake maker public liability insurance,1,6.71,0,100%
marine insurance for cargo,2,7.42,1,0%
marine cargo insurance uk,10,34.79,3,50%
marine cargo insurance quote online,2,27.52,1,0%
cheap market stall insurance,3,7.31,0,100%
cheapest public liability insurance uk,1,5.41,0,100%
commercial marine insurance,1,6.95,0,100%
construction insurance liability,7,30.72,0,94%
construction public liability,2,13.66,0,100%
construction worker insurance,8,32.88,0,80%
counsellor insurance,41,120.47,0,89%
craft stall liability insurance,1,1.99,0,100%
dance instructor public liability insurance,1,1.8,0,100%
decorator insurance,1,3.13,0,100%
decorators insurance,5,23.73,0,100%
domestic cleaning insurance,1,2.2,0,100%
electricians liability insurance,3,26.34,0,100%
employees liability insurance,12,64.3,0,64%
employers liability coverage,1,4.53,0,100%
freight forwarder's liability insurance,2,6.14,0,100%
garden designer liability insurance,1,3.24,0,100%
gas fitter insurance,1,7.1,0,100%
home cake maker insurance,2,4.72,0,100%
insurance for barrister,4,6.29,0,100%
insurance for childrens entertainers,5,12.97,0,100%
insurance for dance instructors,1,2.06,0,100%
insurance for garden designer,1,4.63,0,100%
insurance for glaziers,1,4.84,0,100%
insurance for international shipping,2,8.24,0,100%
insurance for painters,1,2.39,0,100%
insurance for plasterers,3,12.98,0,100%
insurance for shipping personal effects,1,2.32,0,100%
insurance for sign erectors,1,0.63,0,100%
insurance for stonemason,1,0.19,0,100%
insurance for surveyor,3,10.08,0,100%
insurance for therapist,4,11.19,0,100%
insurance plumbers,3,12.91,0,100%
interior designer insurance,7,24.05,0,88%
it contractor insurance,4,32.45,0,100%
joiners insurance,1,4.36,0,100%
joinery insurance,5,14,0,83%
lawyer liability insurance,1,4.75,0,100%
liability insurance for bands,5,24.94,0,100%
liability insurance for decorators,2,10.34,0,100%
liability insurance for painters,1,4.94,0,100%
liability insurance for stallholders,10,52.64,0,100%
marine cargo insurance quote,2,25.27,1,0%
marine cover,1,1.22,0,100%
marine insurance brokers uk,1,7.3,0,100%
marine liability,2,13.54,0,100%
marine liability insurance,35,190.62,2,84%
marine transport insurance,2,8.7,0,100%
market public liability insurance,12,43.61,0,80%
market stall holders insurance,1,2.43,0,100%
market trader liability insurance,1,4.6,0,100%
market traders insurance uk,1,2.62,0,100%
online public liability insurance quote,1,5.66,0,100%
plumbers public liability,7,34.47,0,70%
plumbers public liability insurance,1,10.12,0,100%
public liability carpenter,1,3.04,0,100%
public liability construction,22,121,0,72%
public liability insurance bands,6,26.24,0,100%
public liability insurance brokers,2,10.84,0,100%
public liability insurance cost,1,3.58,0,100%
public liability insurance costs,3,18.08,0,50%
public liability insurance cover,3,11.47,0,100%
public liability insurance dance teacher,2,4.94,0,100%
public liability insurance for carpenters,1,7.74,0,100%
public liability insurance for craft stall holders,5,16.52,0,100%
public liability insurance for electrical contractors,1,5.38,0,100%
public liability insurance for market trader,1,6.66,0,100%
public liability insurance for painters,1,5.56,0,100%
public liability insurance market traders,1,8.31,0,100%
publisher liability insurance,6,20.66,0,75%
shipment insurance uk,1,3.5,0,100%
car shipping insurance,50,125.73,7,48%
sign erector insurance,1,0.49,0,100%
sole traders insurance,8,49.25,0,92%
vehicle export insurance,112,259.92,2,83%
bands insurance,50,154.41,0,96%
painter insurance,34,97.15,0,91%
insurance therapist,38,83.81,0,89%
marine cargo insurance policy,1,2.53,0,100%
public liability insurance for stallholders,9,38.34,0,89%
marine cargo insurance cover,1,13.97,1,0%
barrister insurance,9,23.48,0,88%
insurance for painter,8,33.7,0,88%
furniture removals insurance,8,28.01,0,43%
plumber insurance,7,45.87,0,86%
construction public liability insurance,28,193.5,0,85%
stall holders insurance,43,181.85,0,83%
therapist insurance,113,288.88,0,79%
commercial public liability insurance,8,28.59,0,67%
insurance data processor,24,83.65,0,83%
marine cargo insurance,199,1362.7,26,42%
surveyor cover,9,35.54,0,83%
electricians insurance,8,35.87,0,83%
insurance for architect,12,117.15,0,83%
musicians insurance,6,23.67,0,83%
public liability for craft stall,7,13.94,0,83%
public liability insurance for bands,6,27,0,83%
public liability insurance for cleaners,6,29.45,0,83%
musician public liability,17,92.28,0,82%
insurance for actors,27,44.28,0,81%
architect liability insurance,7,51.49,0,80%
marine insurance brokers,38,204.95,4,60%
public liability window cleaners,7,24.05,0,80%
craft stall public liability insurance,17,80.57,0,80%
football coach insurance,22,56.74,0,80%
how to get public liability insurance,7,39.24,0,73%
insurance for plumbers,5,13.24,0,80%
painters insurance,11,33.39,0,80%
public liability insurance for construction,6,50.68,0,80%
removal companies insurance,4,13.6,0,80%
band public liability insurance,34,145.37,0,73%
lawyers insurance,12,34.47,0,79%
insurance dance teachers,35,98.55,0,78%
public liability insurance,56,384.76,0,78%
insurance for removal companies,10,38.1,0,78%
stallholders insurance,50,154.88,0,78%
employers liability,142,861.45,0,77%
marine and cargo insurance,2,9.01,0,0%
band liability insurance,14,63.6,0,77%
furniture removal insurance,39,154.49,0,69%
market stall insurance,34,98.34,0,76%
freight forwarding insurance,25,97.48,2,63%
counsellor liability insurance,5,31.25,0,75%
dance teacher public liability,8,30.6,0,38%
it contractor liability insurance,3,27.38,0,75%
lawyers liability insurance,4,13.81,0,75%
marine insurance shipping,5,21,1,38%
martial arts liability,15,61.25,0,75%
public liability insurance bands uk,3,9.63,0,75%
10 million public liability insurance,13,89.76,0,75%
barber insurance uk,10,28.76,0,75%
cleaner public liability,4,15.51,0,75%
commercial liability,4,14.58,0,75%
company liability insurance,6,31.79,0,75%
construction company insurance,3,8.97,0,75%
insurance for counsellor,10,19.85,0,75%
insurance for craft stalls,21,99.01,0,75%
insurance for dance teachers,3,9.1,0,75%
musicians liability insurance,5,26.16,0,75%
public liability insurance craft stall,23,72.19,0,75%
public liability insurance for plumbers,4,38.97,0,75%
craft stall public liability,15,57,0,73%
plumbers insurance,11,42.71,0,73%
public liability insurance musicians,10,61.37,0,73%
stallholder insurance uk,11,27.63,0,73%
insurance for market stalls,44,124.91,0,72%
sports public liability insurance,29,97.7,0,72%
public liability insurance for craft stalls,34,136.9,0,72%
construction liability insurance,8,34.65,0,71%
dance class insurance,24,48.61,0,65%
musicians public liability insurance,7,30.06,0,71%
craft stall insurance,116,336.65,0,70%
5 million public liability insurance,29,182.66,1,70%
public liability insurance builders,12,80.88,0,70%
surveyors liability,16,79.86,0,70%
freight forwarders insurance,53,264.77,6,63%
market stall insurance uk,22,75.71,0,70%
market traders public liability insurance,11,71.17,0,70%
insurance market stall,29,97.38,0,68%
export insurance uk car,183,329.94,1,68%
cheap shipping insurance,3,7.96,0,0%
marine insurance policy,12,48.48,1,50%
bands liability insurance,3,17.63,0,67%
compare public liability,2,7.11,0,67%
insurance overseas shipping,5,18.43,0,67%
interior design insurance,6,23.6,0,50%
marine container insurance,5,17.47,0,58%
public liability insurance online quote,3,28.46,0,67%
public liability insurance plumbers,4,23.22,0,67%
shipping container insurance,38,106.86,7,37%
sole trader public liability insurance,27,242.16,0,46%
author liability insurance,20,63.32,0,63%
export car insurance,4,11.48,0,67%
insurance for decorators,5,26,0,67%
insurance for market traders,25,111.05,0,67%
insuring a shipping container,1,1.72,0,67%
martial arts student insurance,4,20.49,0,33%
musician liability,3,11.48,0,67%
window cleaning public liability insurance,4,20.41,0,67%
public liability insurance cleaner,38,229.6,0,66%
therapist liability insurance,26,157.78,0,66%
shipment cover,16,56.57,2,65%
2 million public liability insurance,35,182.56,1,65%
childrens entertainer insurance,28,56.05,0,65%
car export insurance,873,1936.76,14,64%
insurance to export a vehicle outside of the uk,15,24.74,0,64%
market traders insurance,261,1506.57,0,49%
insurance comedian,23,60.41,0,64%
estate agent insurance,15,74.37,0,64%
cake decorator insurance,11,53.45,0,63%
market trader insurance,166,762.61,0,54%
insurance for exporting a vehicle,14,20.86,0,62%
children's party entertainer insurance,17,29.37,0,61%
air freight insurance,61,177.5,5,49%
employers liability insurance,5,21.97,1,60%
market trader public liability insurance,12,72.03,0,55%
10m public liability insurance,5,38.54,0,60%
car insurance export to europe,7,18.78,0,60%
cleaning company insurance,7,34.36,0,60%
insurance for electricians,5,24.13,0,60%
martial arts club insurance,10,62.15,0,59%
martial arts insurance for students,22,123.06,0,60%
martial arts school insurance,16,67.41,0,49%
public liability for musicians,16,75.83,0,60%
public liability insurance for a craft stall,5,27.39,0,60%
public liability insurance for market traders,12,61.25,0,60%
sole trader insurance,6,37.89,0,60%
sole trader liability,6,23.62,0,60%
marine insurance,1544,9967.61,108,57%
martial arts instructors insurance,46,179.34,0,52%
insurance cargo,13,38.52,2,37%
martial arts liability insurance,20,95.8,0,45%
public liability insurance 5m,16,124.96,0,57%
insurance for sole traders,24,157.23,2,57%
decorators public liability,16,77.5,0,28%
actor public liability,21,82.62,0,55%
liability insurance for market stalls,20,98.08,0,55%
sea freight insurance,55,339.56,12,42%
liability insurance,17,94.36,0,55%
10 million pound public liability insurance,13,93.84,0,54%
cake maker insurance,13,65.03,0,54%
engineer public liability,15,73.66,0,54%
self employed public liability insurance,13,98.39,0,54%
freight insurance,294,1051.09,36,48%
liability insurance for musicians,18,82.3,0,53%
freight cargo insurance,1,2.61,0,0%
shipment insurance,105,269.22,15,48%
uk freight insurance,9,29.87,3,50%
cargo ship insurance,4,20.2,1,70%
public liability insurance 10 million,71,339.22,2,50%
marine insurance car shipping,5,14.86,1,50%
insurance for shipping,6,33.87,1,50%
cargo liability insurance,18,45.14,0,72%
dance class liability,3,11.03,0,50%
engineering public liability insurance,8,44.35,0,50%
gas engineer insurance,4,15.05,0,50%
gas engineers public liability insurance,3,20.31,0,50%
insurance cake maker,6,37.55,0,50%
insurance dance instructor,2,3.76,0,50%
insurance martial arts uk,1,1.7,0,50%
insuring shipments,2,3.7,0,50%
maritime insurance,34,102.48,3,48%
mixed martial arts insurance,8,36.14,0,38%
public liability insurance broker,2,10.93,0,50%
public liability insurance childrens entertainer,13,40.02,0,31%
public liability sole trader,4,24.85,0,50%
shipment liability,3,10.02,0,25%
shipping broker insurance,3,14.37,0,50%
5m public liability insurance,7,60.42,0,50%
builders public liability,2,5.71,0,50%
channel islands insurance,148,316.24,0,50%
cheap public liability,4,28.38,0,50%
cheapest public liability insurance,122,855.99,0,50%
commercial liability insurance,6,26.06,0,50%
company public liability insurance,9,68.04,0,50%
container shipping insurance,15,40.04,5,14%
insurance broker marine,2,8.07,0,50%
insurance for cake maker,4,20.05,0,50%
insurance for shipping a car overseas,4,6.75,0,50%
market trading insurance,2,11.93,0,50%
martial arts club insurance uk,2,15.04,0,50%
musician liability insurance,5,24.94,0,50%
painter and decorator public liability insurance,2,13.71,0,50%
public liability and employers liability insurance,2,19.77,0,50%
public liability insurance for cake makers,8,58.39,0,50%
public liability insurance for dance instructor,2,5.1,0,50%
public liability insurance for markets,4,18.85,0,50%
public liability insurance for plasterers,2,9.28,0,50%
self employed public liability insurance quotes,4,39.91,0,50%
insurance childrens entertainer,54,144.01,0,48%
cheap public liability insurance,19,77.72,0,48%
martial arts insurance uk,68,254.31,0,47%
domestic shipping insurance,2,4.23,0,50%
painters public liability insurance,12,75.82,0,46%
marine insurance brokers london,13,49.23,0,46%
musician public liability insurance,10,61.51,0,45%
public liability insurance for self employed,35,213.28,0,45%
martial arts insurance,529,2703.25,0,40%
cargo liability,36,91.93,0,79%
household goods shipping insurance,4,9.71,2,0%
marine freight insurance,10,25.76,1,38%
public liability self employed,33,240.96,1,42%
insurance for shipping goods,16,49.42,3,41%
cheap public liability insurance uk,3,23.18,0,40%
marine insurance broker,11,48.88,0,40%
painters liability insurance,3,20.78,0,40%
public liability insurance for bands uk,6,22.26,0,40%
public liability insurance for sole trader,6,65.04,0,40%
international removals insurance,91,385.55,23,32%
international shipping insurance,16,60.42,5,33%
international shipping insurance companies,1,5.51,1,0%
international removal insurance,7,37.67,2,38%
marine insurance companies,25,140.36,1,36%
martial arts public liability,13,50.79,0,18%
public liability insurance online,19,123.63,0,32%
international shipping insurance uk,16,51.91,2,19%
marine insurance uk,14,85.13,2,33%
insurance international shipping,5,14.3,0,33%
martial arts insurance cover,5,22.81,0,33%
public liability cover,2,12.33,0,33%
surveyor insurance,5,27.12,0,33%
gas engineers liability insurance,7,41.15,0,31%
marine transit insurance for household goods,10,60.6,3,30%
martial arts instructor insurance,91,386.18,0,15%
martial arts public liability insurance,29,158.42,0,24%
insurance for martial arts,6,31.5,0,29%
public liability for self employed,8,44.03,0,29%
uk public liability insurance,9,77.42,0,29%
insurance for shipping goods overseas,33,125.46,9,27%
international freight insurance,4,12.38,2,25%
marine insurance quote online,4,12.01,2,25%
marine shipping insurance,17,63.74,3,19%
shipping insurance,1582,6515.15,222,45%
marine insurance for car shipping,8,17.87,1,25%
public liability insurance quote online,5,40.16,0,13%
insurance for window cleaners,4,12.85,0,25%
martial arts instructor insurance uk,44,193.43,0,24%
car marine insurance,17,54.54,4,10%
overseas removals insurance,14,43.92,3,20%
shipping insurance company,1,1.39,0,100%
uk marine insurance,6,26.95,0,20%
freight insurance quote,20,48.62,6,18%
dance public liability insurance,10,23.9,0,15%
shipping insurance container,4,22.85,1,25%
insurance shipping personal effects,7,21.22,3,0%
marine insurance quote,12,68.37,5,0%
shipping insurance quote,5,12.2,2,20%
cost of marine insurance,7,38.51,2,0%
shipping container insurance uk,6,16.18,3,0%
freight container insurance,2,7.84,1,0%
cargo legal liability,2,3.41,0,100%
marine insurance shipping household goods,2,9.85,1,0%
marine insurance vehicles,1,3.41,1,0%
cheap freight insurance,1,2.67,1,0%
freight forwarders liability insurance,1,2.13,1,0%
insurance for container shipping,1,2.61,1,0%
insurance for shipping container,2,7.95,1,0%
international shipment insurance,3,7.12,1,0%
shipping insurance quotes,1,1.96,1,0%
cargo insurance uk,54,165.04,9,50%
cargo insurance quote,2,2.12,0,0%
cargo insurance broker,2,6.96,0,100%
marine transit insurance quote,2,6.92,1,0%
ocean freight insurance,4,15.17,1,0%
shipping insurance uk,135,409.19,21,35%
channel islands insurance companies,27,81.97,0,0%
insurance building surveyor,1,5.05,0,0%
insurance gas engineers,2,9.72,0,0%
insurance land surveyor,1,2.35,0,0%
insurance shipping freight,1,1.78,0,0%
insurance web marketing,1,3.4,0,0%
liability insurance dance instructor,1,1.9,0,0%
liability insurance freight forwarder,2,5.9,0,0%
painter liability insurance,3,12.44,0,0%
painters public liability,1,4.21,0,0%
public and employers liability insurance,2,4.7,0,0%
public liability insurance domestic cleaner,1,6.43,0,0%
public liability insurance sole trader,1,7.85,0,0%
publisher public liability insurance,1,5.23,0,0%
quote public liability insurance,1,4.97,0,0%
business marine insurance,1,17.67,0,0%
buy public liability insurance online,1,2.65,0,0%
cargo insurance,459,1547.48,44,48%
carpet cleaner insurance,3,17.19,0,0%
vehicle shipping insurance,15,56.68,4,24%
cleaner public liability insurance,1,4.87,0,0%
cleaning public liability insurance,1,3.11,0,0%
domestic cleaners insurance,1,6.87,0,0%
engineering insurance,1,4,0,0%
engineers liability insurance,1,3.12,0,0%
cargo cover,79,201.61,1,84%
insurance for copywriter,0,0,0,0%
insurance painters,1,4.72,0,0%
joiner public liability insurance,1,5.93,0,0%
liability insurance cover,1,8.48,0,0%
marin insurance,1,2.76,0,0%
air cargo insurance,6,14.22,2,80%
martial arts insurance group,1,2.44,0,0%
plumber public liability insurance,2,13.34,0,0%
public & employers liability insurance,1,5.36,0,0%
public liability for sole trader,2,8.02,0,0%
public liability insurance cheap,1,6.48,0,0%
public liability insurance for removal companies,1,5.39,0,0%
public liability insurance for sign erectors,1,7.19,0,0%
public liability insurance for sole traders,2,23.51,0,0%
public liability insurance limited company,1,11.82,0,0%
self employed domestic cleaner insurance,2,9.18,0,0%
self employed public liability,7,59.24,0,0%
surveyor liability insurance,1,8.44,0,0%
